"file_name","documentation_type","equipment_type","manufacturer","models"
"Deye Approved Battery list(DY-HV(160-800)-020) (1) (1) (1).md","Compatibility list","inverter","Ningbo Deye Inverter Technology Co.,Ltd","DY-HV(160-800)-020"
"instructions_sun-5-25k-sg01hp3-eu-am2_240203_en (1).md","manual","inverter","DEYE","SUN 5K-SG-EU;SUN 6K-SG-EU;SUN 8K-SG-EU;SUN 10K-SG-EU;SUN 12K-SG-EU;SUN 15K-SG-EU;SUN 20K-SG-EU;SUN 25K-SG-EU"
"instructions_sun-29.9-50k-sg01hp3-eu-bm4_240203_en.md","user manual","inverter","DEYE","SUN-29.9K-SG01HP3-EU-BM3;SUN-30K-SG01HP3-EU-BM3;SUN-35K-SG01HP3-EU-BM3;SUN-40K-SG01HP3-EU-BM4;SUN-50K-SG01HP3-EU-BM4"
"Технічний паспорт LUNA2000-7-21-S1.md","technical specification","battery","Huawei","LUNA2000-7-S1;LUNA2000-14-S1;LUNA2000-21-S1"
"LUNA2000-(5-30)-S0_Manual de usuario.md","user manual","battery","Huawei Technologies Co., Ltd.","LUNA2000-5KW-C0;LUNA2000-5-E0;LUNA2000-5-S0"
"Huawei_LUNA2000-(5-30)-S0_Guía de instalación.md","installation guide","battery","Huawei","LUNA2000-(5-30)-S0;SUN2000-(2KTL-6KTL)-L1;SUN2000-(3KTL-12KTL)-M1"
"Huawei LUNA2000-5-15-S0.md","technical specification","battery","Huawei","LUNA2000-5KW-C0;LUNA2000-5-E0;LUNA2000 Wall Mounting Bracket;LUNA2000-5/10/15-S0"
"LV-Hub+Communication+HUB+Product+Manual+20210705.md","manual","communication hub","PylonTech","US2000;US3000;Phantom-SA;US1800;US2000B Plus;US3000C;UP5000;US5000"
"LV-HUB Spec..md","specification","battery","PylonTech","US2000B Plus;US3000"
"LV-Hub Communication HUB Product Manual (V2.1) 20190808 48V.md","manual","communication hub","PylonTech","US2000;US3000;Phantom-SA;US1800"
"Datasheet_Pylontech_US2000B.md","datasheet","battery","PylonTech","US2000B"
"C version battery connection instructions.md","installation guide","battery","PylonTech","US2000C;US3000C"
"Інструкція по отриманню додаткової гарантії Pylontech v3.md","user manual","battery","PylonTech",NULL
"US3000C-MANUAL.md","manual","battery","PylonTech","US3000C;US2000C;US3000"
"us2000c-manual.md","manual","battery","PylonTech","US2000C;US3000C;US3000;US2000"
"US2000B Bracket.md","specification","battery","PylonTech","US2000B"
"US2000 SDS en.md","safety data sheet","battery","Pylon Technologies Co., Ltd","US2000"
"Pylontech product warranty-US serie V1.1 SD20WS7052 SD.md","warranty","battery","PylonTech","US2000;US3000"
"Pylontech Compatible List V2.10 ESS.md","Compatibility battery list","energy storage solution","PylonTech","US2000;US2000V2;US3000;US2000C;US3000C;US5000;US5000-B;UP5000;Phantom-S;Force-L1;Force-L2"
"Datasheet_Pylontech_US5000_EN.md","datasheet","battery","PylonTech","US5000"
"Datasheet_Pylontech_US2000С.md","datasheet","battery","Pylon Technology","US2000С"
"Datasheet_Pylontech_US2000B_US3000 (1).md","datasheet","battery","PylonTech","US2000B;US3000"
"Cabinet Spec.md","specification","energy storage cabinet","PylonTech",NULL
"Pylon Battery-Solis LV&HV System Installation_V1.0 SOP.md","installation guide","battery","PylonTech","Pylon LV;Pylon"
"PowerCube-X1 Operation Manual (V2.1)18PIXV0802.md","operation manual","battery","Pylontech","PowerCube-X1"
"PowerCube-H2 Product Manual _18P2HV0901.md","manual","battery","Pylontech","PowerCube-H2"
"PowerCube-H1 Product Manual _18PIHP0801.md","manual","battery","PylonTech","PowerCube-H1"
"PowerCube-H1 H2 Operation Manual (V2.1)18PIHV0802 (1).md","operation manual","battery","Pylontech","PowerCube-H1;PowerCube-H2"
"HV Battery & BMS datasheet.md","datasheet","battery","PylonTech","HV Battery"
"Datasheet_Pylontech_H48050.md","datasheet","battery","Pylon Techology","H48050"
"AS0MSC100H04-PowerCube-H1H2 EU  Operation  Manual (V2.5)-EU20PIHV1202.md","Operation Manual","battery","Pylontech","PowerCube-H1;PowerCube-H2;H48050;H48074;SC1000-100"
"Pylon PowerCube.md","Operation Manual","battery","Pylontech","PowerCube-H1;PowerCube-H2;PowerCube-H1/H2-V2;SC1000-100S-V2;H48050"
"Pylon Battery-Sofar HV  (BMS with wifi) (1).md","installation guide","battery","PylonTech","PowerCube V2;Force H1/H2 V2"
"Sungrow - User Manual - Logger3000A.md","user manual","data logger","SUNGROW","Logger3000"
"Sungrow - User Manual - Logger1000A I Logger1000B.md","user manual","data logger","Sungrow Power Supply Co., Ltd.","Logger1000A;Logger1000B"
"Sungrow - User Manual - COM100D I COM100E.md","user manual","smart communication box","Sungrow Power Supply Co., Ltd.","COM100D;COM100E"
"Sungrow - User Manual - COM100A (Narrow-band PLC).md","user manual","communication box","Sungrow Power Supply Co., Ltd.","COM100A"
"Sungrow - Technical Data - Logger1000A I Logger1000B.md","technical manual","monitoring system","Sungrow","Logger1000A;Logger1000B"
"Sungrow - Technical Data - COM100E.md","technical manual","monitoring system","Sungrow","COM100E"
"Sungrow - Technical Data - COM100A.md","technical manual","monitoring system","Sungrow","COM100A"
"Sungrow - SOP - Logger3000 - QIG.md","user manual","monitoring system","Sungrow","Logger3000"
"Sungrow - SOP - Logger1000A I Logger1000B - Installation and Commissioning.md","installation guide","data logger","SUNGROW","Logger1000A;Logger1000B"
"Sungrow - SOP - Logger1000A I Logger 1000B - Zero-Export Commissioning.md","commissioning guide","monitoring system","Sungrow","Logger1000;Logger1000A;Logger1000B"
"Sungrow - SOP - COM100D I COM100E - Installation and Commissioning.md","installation guide","Smart Communication Box","Sungrow","COM100D;COM100E"
"Технічний паспорт Sungrow DTSD1352-C_1(6)A_Datashee.md","datasheet","energy meter","Sungrow","DTSD1352-C/1 (6)A"
"Sungrow - Technical Data - DTSD1352-C 1(6)A.md","technical manual","Smart Energy Meter","Sungrow","DTSD1352-C/1 (6)A"
"Sungrow - SOP - S100 - Installation.md","installation guide","energy meter","Sungrow","S100"
"Sungrow - SOP - DTSD1352-C 10(80)A I 1(6)A - Installation (2).md","installation guide","Energy Meter","Sungrow","DTSD1352-C/10(80)A;DTSD1352-C/1(6)A"
"TI-20240706_SH5-25T_Single-Hybrid System application manual_V1.3_EN (2).md","manual","inverter","SUNGROW","SH5-25T-V11;SH5-25T-V112"
"EN_UM_SH5.0_6.0_8.0_10RT&SH5.0_6.0_8.0_10RT-20_User_Manual.md","user manual","inverter","Sungrow Power Supply Co., Ltd","SH5.0RT;SH6.0RT;SH8.0RT;SH10RT;SH5.0RT-20;SH6.0RT-20;SH8.0RT-20;SH10RT-20"
"EN_UM_SH5.0-25T_User_Manual.md","user manual","inverter","Sungrow Power Supply Co., Ltd","SH5T;SH6T;SH8T;SH10T;SH12T;SH15T;SH20T;SH25T"
"EN_UM_SH3.0_3.6_4.0_5.0_6.0RS_User_Manual (1).md","user manual","inverter","Sungrow Power Supply Co., Ltd","SH3.0RS;SH3.6RS;SH4.0RS;SH5.0RS;SH6.0RS"
"EN_UM_SG3.0_4.0_5.0_6.0_7.0_8.0_10_12_15_17_20RT_User_Manual (1).md","user manual","inverter","Sungrow Power Supply Co., Ltd","SG3.0RT;SG4.0RT;SG5.0RT;SG6.0RT;SG7.0RT;SG8.0RT;SG10RT;SG12RT;SG15RT;SG17RT;SG20RT"
"EN_UM_SG25_30_33_36_40_50CX-P2_User_Manual (1).md","user manual","inverter","Sungrow Power Supply Co., Ltd","SG25CX-P2;SG30CX-P2;SG33CX-P2;SG36CX-P2;SG40CX-P2;SG50CX-P2"
"EN_UM_SG2.0_2.5_3.0RS-S_3.0_3.6_4.0_5.0_6.0RS_User_Manual.md","user manual","inverter","Sungrow Power Supply Co., Ltd","SG2.0RS-S;SG2.5RS-S;SG3.0RS-S;SG3.0RS;SG3.6RS;SG4.0RS;SG5.0RS;SG6.0RS"
"EN_DE_IT_FR_NL_QG_DTSD1352-C_Quick_Installation_Guide.md","Quick Installation Guide","Energy Meter","Sungrow","DTSD1352-C/10(80)A;DTSD1352-C/1(6)A"
"TI_Approved_battery_declaration_for_sungrow_hybrid_inverters-20230326_V18_EN-V1.md","specification","inverter","SUNGROW POWER SUPPLY CO., LTD.","SH3.0RS;SH3.6RS;SH4.0RS;SH5.0RS;SH6.0RS;SH5.0RT;SH6.0RT;SH10.0RT;SH3K6;SH4K6"
"EN FS Compatibility Factsheet V26.md","Compatibility battery list","inverter","Sungrow","SG2.0-6.0RS;SG3.0-20RT;SH3.0-6.0RS;SH5.0-10RT;SG33-125CX-P2;SG33-110CX"
"EN DS AC011E-01 Datasheet V1 20220215.md","datasheet","electric vehicle charger",,"AC011E-01"
"Firmware Update Instruction.md","firmware update instruction","inverter","Sofar","Hybrid-Inverter;HYD inverter"
"Firmware Update Instruction (UA).md","firmware update instruction","inverter","Sofar",NULL
"Country Code Setting Instruction.md","instruction","inverter","SOFARSOLAR","HYD;SOFAR"
"Country Code Setting Instruction (UA).md","installation guide","inverter","Sofar","SCFAR"
"SAR100-510.md","specification","anti-reflux box","Sofar",NULL
"SAR-100 User Manual_EN_202303_V1.0.md","user manual","inverter","Sofarsolar","SAR-100"
"User Manual Sofar HYD 5-20KTL-3PH EN.md","user manual","inverter","SOFARSOLAR","HYD 5KTL-3PH;HYD 8KTL-3PH;HYD 10KTL-3PH;HYD 20KTL-3PH"
"User Manual SOFAR 7-10.5KTLM-G3 V1 EN.md","user manual","inverter","Shenzhen SOFARSOLAR Co., Ltd.","SOFAR 7K~10.5KTLM-G3;7KTLM-G3;7.7KTLM-G3;8KTLM-G3;9KTLM-G3;10KTLM-G3;10.5KTLM-G3"
"User Manual SOFAR 3.3-12KTLX-G3 2022-04-07 EN (1).md","user manual","inverter","Shenzhen SOFARSOLAR Co., Ltd.","SOFAR 3.3~12KTLX-G3"
"User Manual SOFAR 3-6KTLM-G3 V1 EN (1).md","user manual","inverter","SOFARSOLAR","3KTLM;3.6KTLM;4KTLM;4.6KTLM;5KTLM;6KTLM"
"User Manual SOFAR 3-6KTLM-G2 2021-04-16 EN.md","user manual","inverter","Shenzhen SOFARSOLAR CO., Ltd.","SOFAR 3K-6KTLM-G2"
"User Manual SOFAR 15-24KTLX-G3 2022-02-18 EN.md","user manual","inverter","Shenzhen SOFARSOLAR Co., Ltd.","SOFAR 15~24KTLX-G3;SOFAR 15KTLX-G3;SOFAR 15KTLX-G3-A;SOFAR 17KTLX-G3;SOFAR 20KTLX-G3;SOFAR 20KTLX-G3-A;SOFAR 22KTLX-G3;SOFAR 24KTLX-G3;SOFAR 24KTLX-G3-A"
"User Manual SOFAR 10KTL-20KTL 2020-11-19 EN.md","user manual","inverter","Shenzhen SOFARSOLAR Co., Ltd.","SOFAR 10K-20KTL;SOFAR 10000-Sx;SOFAR 15000-Sx;SOFAR 17000-Sx;SOFAR 20000-Sx"
"User Manual SOFAR 1.1-3.3KTL-G3 V1 EN.md","user manual","inverter","SOFARSOLAR","SOFAR 1100TL;SOFAR 1600TL;SOFAR 2200TL;SOFAR 2700TL;SOFAR 3000TL;SOFAR 3300TL"
"User Manual ME 5-20KTL-3PH V1 EN.md","user manual","inverter","Shenzhen SOFARSOLAR Co., Ltd.","ME 5K~20KTL-3PH"
"User Manual HYD 5K-20KTL-3PH V2 EN.md","user manual","inverter","SOFARSOLAR","HYD 5KTL-3PH;HYD 6KTL-3PH;HYD 8KTL-3PH;HYD 10KTL-3PH;HYD 15KTL-3PH;HYD 20KTL-3PH"
"SOFAR 3~12KTLX-G3 User Manual_20230223.md","user manual","inverter","Shenzhen SOFARSOLAR Co., Ltd.","SOFAR 3.3~12KTLX-G3"
"SOFAR15~24KTLX-G3 V2.0 User Manual_20230223 (1).md","user manual","inverter","Shenzhen SOFARSOLAR Co., Ltd.","SOFAR 15KTLX-G3;SOFAR 15KTLX-G3-A;SOFAR 17KTLX-G3;SOFAR 20KTLX-G3;SOFAR 20KTLX-G3-A;SOFAR 22KTLX-G3;SOFAR 24KTLX-G3;SOFAR 24KTLX-G3-A"
"SOFAR 25-50KTL-G3_User Manual_2023-12-14_V1.4_en-INT.md","user manual","inverter","Sofar","SOFAR 25KTLX-G3;SOFAR 36KTLX-G3;SOFAR 40KTLX-G3;SOFAR 50KTLX-G3;SOFAR 50KTLX-G3-HV"
"Sofar 110-125 manual.md","user manual","inverter","Shenzhen SOFARSOLAR Co., Ltd.","SOFAR 100KTLX-G4;SOFAR 110KTLX-G4;SOFAR 125KTLX-G4;SOFAR 125KTLX-G4-A"
"SOFAR 100-125KTLX-G4 User Manual_20230606.md","user manual","inverter","Shenzhen SOFARSOLAR Co., Ltd.","SOFAR 100KTLX-G4;SOFAR 110KTLX-G4;SOFAR 125KTLX-G4;SOFAR 125KTLX-G4-A"
"BTS manual.md","user manual","battery","Shenzhen SOFARSOLAR Co., Ltd.","BTS E5-DS5;BTS E10-DS5;BTS E15-DS5;BTS E20-DS5"
"BTS Datasheet (1).md","datasheet","battery","Sofar","BTS E5;BTS E10;BTS E15;BTS E20"
"Розшарення станції Sofar-Deye.md","Розшарення станції","inverter","Sofar",NULL
"Ознайомлення_з_моніторинговою_платформою_Solarman_Smart.md","user manual","monitoring system","Sofar","Solarman Smart"
"Three-Phase Meter Quick Installation Guide-newest,最新版本.md","installation guide","electricity meter","Shenzhen Shouhang New Energy Co., LTD",NULL
"Технічний паспорт Victron Energy Quattro-II inverter charger.md","technical manual","inverter","Victron Energy","Quattro-II;Quattro"
"Технічний паспорт Victron Energy Quattro 3kVA-15kVA.md","technical manual","inverter","Victron Energy","Quattro 48/5000/70-100/100;Quattro 48/15000/200-100/100"
"Quattro 5kVA (24-48)V QISG (EN).md","Quick Installation Guide","inverter","Victron Energy","Quattro 5kVA (24-48)V QISG"
"Quattro 5kVA (24-48)V Product manual (RU).md","manual","inverter","Victron","Quattro 5kVA (24-48)V"
"Quattro 3kVA (12-48)V QISG (EN).md","Quick Installation Guide","inverter","Victron Energy","Quattro 3kVA (12-48)V QISG"
"Quattro 3kVA (12-48)V Product manual (RU).md","manual","inverter","Victron Energy","Quattro 3kVA (12-48)V"
"Datasheet-Quattro-3kVA-15kVA-RU.md","datasheet","inverter","Victron Energy","Quattro 48/5000/70-100/100;Quattro 48/15000/200-100/100"
"Технічний паспорт Victron Energy EasySolar-II 24V-48V-3kVA 48V-5kVA MPPT-250-70-100-GX.md","technical manual","inverter","Victron Energy","EasySolar-II 3кВА;EasySolar-II 5кВА;MPPT 250/70 GX;MPPT 250/100 GX"
"Технічний паспорт Victron Energy EasySolar 1600VA.md","technical manual","inverter","Victron Energy","EasySolar 12В і 24В, 1600ВА;MultiPlus Compact 12/1600/70;MultiPlus Compact 24/1600/40;Blue Solar MPPT 100/50"
"EasySolar with Color Control Datasheet (EN).md","datasheet","inverter","Victron Energy","EasySolar 3 kVA;EasySolar 5 kVA"
"Datasheet-EasySolar-II-24V-48V-3kVA-48V-5kVA-MPPT-250-70-100-GX-UA.md","datasheet","solar energy system","Victron Energy","EasySolar-II 3кВт MPPT 250/70 GX;EasySolar-II 5кВт MPPT 250/100 GX"
"Інструкція по додаваню системи Victron в моніторинг.docx (1).md","installation guide","monitoring system","Victron Energy","Cerbo GX"
"ve_online_-_multi_and_quattro_parallel_and_3_phase.md","technical manual","inverter","Victron","MultiCompact;MultiPlus;Quattro;Phoenix;Quattro's;EasySolar II"
"Connecting other lithium battery systems to Multis and Quattros (EN).md","manual","inverter","Victron Energy","Multi;Quattro"
"43562-Wiring_Unlimited-pdf-en.md","manual","inverter/charger","Victron",NULL
"4._ripple_in_a_ac_battery_system.md","technical manual","battery","Victron",NULL
"140558-CCGX__Venus_GX__Cerbo_GX__Cerbo-S_GX_Manual__non-CCGX_3_50_-pdf-en.md","manual","monitoring system","Victron","Cerbo GX;BPP900450100;BPP900450110;BPP900451100;GX Touch 50;GX Touch 70"
"SNA-warranty-card.md","warranty card","inverter","Lux Power Tech","ECO hybrid SNA series"
"LXP-warranty-card.md","warranty card","inverter","Lux Power Technology Co., Ltd","LXP-LB-EU"
"Пояснення налаштувань (Lux Power).md","user manual","inverter","Shenzhen Lux Power Technology Co., Ltd",NULL
"Інфолист гібридні інвертори LuxPower (1).md","technical manual","inverter","LuxPower",NULL
"Standard update_guidance(Installer)_20220211150633.md","update guidance","inverter","Fronius","Eco-Hybrid;LXP-Hybrid"
"SNA PARALLEL.md","installation guide","inverter","Lux",NULL
"parallel connection guidance for two hybrid inverters (battery shared mode).md","installation guide","inverter","Fronius",NULL
"Manual LuxPower_SNA5000 (UA, Оновлений вер.4) (4).md","user manual","inverter","Lux Power Technology Co., LTD","SNA3000 WPV;SNA4000 WPV;SNA5000 WPV"
"LXP-LB-EU-8-10k-user-manual.md","user manual","inverter","Lux Powertek","LXP-LB-EU-8;LXP-LB-EU-10"
"LXP-3-6K-user-manual.md","user manual","inverter","LUX POWER TECHNOLOGY CO., LTD","LXP 3K;LXP 3.6K;LXP 4K;LXP 4.6K;LXP 5K;LXP 6K;LXP 3K MG;LXP 3.6K MG;LXP 4K MG;LXP 4.6K MG;LXP 5K MG;LXP 6K MG;LXP 4K HB;LXP 5K HB;LXP 6K HB"
"LXP-3-5KHybrid-NS-SettingGuidance.md","setting guidance","inverter","Lux Power Technology","LXP 3-5KHybrid-NS"
"LXP PARALLEL.md","installation guide","inverter","Lux Power",NULL
"luxpower compatible list（LXP 3-6K&SNA& ACS3600）230726.md","compatible list","battery","Shenzhen Lux Power Technology Co., Ltd","LXP 3-6K;SNA;ACS3600"
"LuxPower - Monitoring -  Monitor System User Interface.md","user manual","monitoring system","Lux Power",NULL
"Hybrid 3-6K-UM-2.0-06.md","user manual","inverter","LUX POWER TECHNOLOGY CO., LTD","LXP 3K;LXP 3.6K;LXP 4K;LXP 4.6K;LXP 5K;LXP 6K;LXP 3K MG;LXP 3.6K MG;LXP 4K HB;LXP 5K HB;LXP 6K HB"
"8-12kw Three-phase parallel guidance (EU).md","installation guide","inverter","Fronius",NULL
"02-03-03-DL-Guidance to configure static IP of WLAN dongle_20240409.md","installation guide","WLAN Dongle","Fronius","WIZwiki-W7500"
"Solis_datasheet_S5-EH1P(3-6)K-L_UKR.md","datasheet","inverter","Solis","S5-EH1P3K-L;S5-EH1P3.6K-L;S5-EH1P4.6K-L;S5-EH1P5K-L;S5-EH1P6K-L"
"Solis_Manual_RHI-3P(5-10)K-HVES-5G_ENX_V1.3(20210119)(1)(1)(1).md","manual","inverter","Ginlong Technologies Co., Ltd.","RHI-3P5K-HVES-5G;RHI-3P6K-HVES-5G;RHI-3P8K-HVES-5G;RHI-3P10K-HVES-5G"
"RHI-3P(5-10)K-HVES-5G.md","specification","inverter","Solis","RHI-3P5K-HVES-5G;RHI-3P6K-HVES-5G;RHI-3P8K-HVES-5G;RHI-3P10K-HVES-5G"
"Compatible_Battery_List.md","Compatible Battery List","inverter","Solis","RHI-(3-5)K-48ES;RHI-(3-6)K-48ES-5G"
"Solis - WP, RHI-(3-6)K-48ES-5G, Compatible Lithium Battery List.md","Compatible Battery List","inverter","Solis","RHI-(3-6)K-48ES-5G"
"Solis - Technical Data, RHI-(3-6)K-48ES-5G.md","technical manual","inverter","Solis","RHI-3K-48ES-5G;RHI-3.6K-48ES-5G;RHI-4.6K-48ES-5G;RHI-5K-48ES-5G;RHI-6K-48ES-5G"
"Solis - Installation and Operation Manual, RHI-(3-6)K-48ES-5G (1).md","user manual","inverter","Solis","RHI-3K-48ES-5G;RHI-3.6K-48ES-5G;RHI-4.6K-48ES-5G;RHI-5K-48ES-5G;RHI-6K-48ES-5G"
"Datasheet_RHI-(3-6)K-48ES-5G (UA).md","datasheet","inverter","Solis","RHI-3K-48ES-5G;RHI-3.6K-48ES-5G;RHI-4.6K-48ES-5G;RHI-5K-48ES-5G;RHI-6K-48ES-5G"
"Solis - Технічні дані, RHI-5K-48ES.md","technical manual","inverter","Solis","RHI-5K-48ES"
"Solis - Installation and Operation Manual, RHI-(3-5)K-48ES.md","manual","inverter","Ningbo Ginlong Technologies Co., Ltd.","RHI-3K-48ES;RHI-3.6K-48ES;RHI-4.6K-48ES;RHI-5K-48ES"
"Solis - Declaration, RHI-(3-5)K-48ES Anti islanding.md","manufacturer's declaration","inverter","Ningbo Ginlong Technologies Co., Ltd","RHI-(3-5)K-48ES"
"Atmosfera - Solis - Декларація, RHI-(3-5)K-48ES Захист від острівкування.md","Manufacturer's Declaration","inverter","Ningbo Ginlong Technologies Co., Ltd","RHI-(3-5)K-48ES"
"Вбудований ЕРМ.md","manual","inverter","Solis","Solis-3P(3-20)K-4G;Solis-(25-50)K-5G"
"Solis_Manual_EPM_5G-Plus_V1,6 (1).md","Installation and Operation Manual","Export Power Manager","Ginlong Technologies Co., Ltd.","Solis-EPM3-5G-PLUS"
"Solis EPM Datasheet.md","datasheet","monitoring system","Solis","Solis Export Power Manager"
"Solis - Installation and Operation Manual, EPM1-2G I EPM3-2G.md","Installation and Operation Manual","Export Power Manager","Ningbo Ginlong Technologies Co., Ltd.","Solis-EPM1-2G;Solis-EPM3-2G"
"EPM 5G Plus.md","manual","inverter","Solis","EPM 5G Plus"
"Three-phase meter with CTs installation guide.md","installation guide","inverter","Solis","Solis-3P(5-20)K-4G"
"Three-phase meter installation guide.md","installation guide","inverter","Solis","Solis-3P(5-20)K-4G"
"Single-phase meter installation guide.md","installation guide","inverter","Solis","Solis-mini-(0.7-3.6)K-4G;Solis-1P(2.5-6)K-4G"
"Manual-of-ACR10.md","manual","monitoring system","Acrel","ACR10RH"
"DTSD1352-C_QuickInstallationGuideEN.md","quick installation guide","Energy Meter","Sungrow","DTSD1352-C/10(80)A;DTSD1352-C/1(6)A"
"Solis_Manual_S5-GR3P(15-20)K_DW_EUR_V1,1.md","manual","inverter","Ginlong Technologies Co., Ltd.","S5-GR3P15K;S5-GR3P17K;S5-GR3P20K;S5-GR3P10K-LV"
"Solis_Manual_3P_5-10_K_4G_ENX_V1.8_20200708_260501039507_UK.md","manual","inverter","Ginlong Technologies Co., Ltd.","Solis-3P3K-4G;Solis-3P4K-4G;Solis-3P5K-4G;Solis-3P6K-4G;Solis-3P8K-4G;Solis-3P9K-4G;Solis-3P10K-4G;Solis-3P5K-4G-LV;Solis-3P6K-4G-LV;Solis-3P8K-4G-BE;Solis-3P10K-4G-BE"
"Solis_Manual_3P_12-20_K_4G_ENX_V2.0_20200708_260501022609_UK.md","manual","inverter","Ginlong Technologies Co., Ltd.","Solis-3P12K-4G;Solis-3P15K-4G;Solis-3P17K-4G;Solis-3P20K-4G;Solis-3P10K-4G-LV"
"Solis_Manual_25-50_K_5G_ENX_V1.5_20200707_260501045104_UK.md","manual","inverter","Ginlong Technologies Co., Ltd.","Solis-25K-5G;Solis-30K-5G;Solis-33K-5G;Solis-36K-5G;Solis-40K-5G;Solis-40K-HV-5G;Solis-50K-HV-5G"
"Solis_datasheet_S5-GR3P(3-20)K_UA.md","datasheet","inverter","Solis","S5-GR3P3K;S5-GR3P4K;S5-GR3P5K;S5-GR3P6K;S5-GR3P8K;S5-GR3P9K;S5-GR3P10K;S5-GR3P12K;S5-GR3P13K;S5-GR3P15K;S5-GR3P17K;S5-GR3P20K"
"Solis_datasheet_S5-GC(50-60)K_UA.md","datasheet","inverter","Solis","S5-GC50K;S5-GC60K"
"Solis_datasheet_S5-GC(25-40)K_UA.md","datasheet","inverter","Solis","S5-GC25K;S5-GC30K;S5-GC33K;S5-GC36K;S5-GC40K"
"Solis_datasheet_S5-GC(100-110)K_UA.md","datasheet","inverter","Solis","S5-GC100K;S5-GC110K"
"Manual_Solis-(25-50)K_5G_ENX_V1,3.md","manual","inverter","Ginlong (Ningbo) Technologies Co., Ltd.","Solis-25K-5G;Solis-30K-5G;Solis-33K-5G;Solis-36K-5G;Solis-40K-5G;Solis-40K-HV-5G;Solis-50K-HV-5G"
"Datasheet_Solis-40K-5G(UA).md","datasheet","inverter","Solis","Solis-40K-5G"
"Datasheet_Solis-3P15K-4G(UA).md","datasheet","inverter","Solis","Solis-3P15K-4G"
"Datasheet_Solis-3P10K-4G(UA).md","datasheet","inverter","Solis","Solis-3P10K-4G"
"Datasheet_Solis-3P(3-20)K-4G(UA).md","datasheet","inverter","Solis","Solis-3P3K-4G;Solis-3P4K-4G;Solis-3P5K-4G;Solis-3P6K-4G;Solis-3P8K-4G;Solis-3P9K-4G;Solis-3P10K-4G;Solis-3P12K-4G;Solis-3P15K-4G;Solis-3P17K-4G;Solis-3P20K-4G"
"Datasheet_Solis-3P 20K-4G (UA).md","datasheet","inverter","Solis","Solis-3P20K-4G"
"Datasheet_Solis-30K-5G(UA).md","datasheet","inverter","Solis","Solis-30K-5G"
"Datasheet_Solis-25K-5G(UA).md","datasheet","inverter","Solis","Solis-25K-5G"
"Solis - Technical Data, (100-125)K-5G.md","technical manual","inverter","Solis","Solis-100K-5G;Solis-110K-5G;Solis-125K-HV-5G"
"Solis - Installation and Operational, (100-125)K-5G.md","Installation and Operation Manual","inverter","Ginlong Technologies Co., Ltd.","Solis-100K-5G;Solis-110K-5G;Solis-125K-HV-5G;Solis-50K-LV-5G;Solis-60K-LV-5G"
"Обмеження вихідної потужності на інверторах Solis.md","user manual","inverter","Solis",NULL
"Надання доступу супервізора.md","instruction","inverter","Атмосфера","K7E6IC"
"Solis_Manual_EPM3_5G_Pro_08292023.md","user manual","export power manager","Solis","Solis-EPM3-5G-PRO"
"Solis_Leaflet_Battery_matching_S5-EH1P(3-6)K-L_V3,4_2023_09.md","Compatibility list","battery","Solis","S5-EH1P(3-6)K-L"
"Solis-30K-5G-DC  - Опис вимірів.md","Опис вимірів","inverter","Solis","Solis-30K-5G-DC"
"Solis - Посібник, Підключення та налаштування системи моніторингу.md","manual","inverter","Solis",NULL
"EPM3-5G-PLUS - Firmware Upgrade Procedure.md","upgrade procedure","monitoring system","Solis","EPM3-5G-PLUS"
"Короткий посібник Fronius Verto.md","quick start guide","inverter","Fronius","Fronius Verto 25.0;Fronius Verto 33.3"
"Інструкція з експлуатації Fronius Verto 15.0 - 36.0 kW (1).md","user manual","inverter","Fronius","Verto 15.0;Verto 18.0;Verto 25.0;Verto 27.0;Verto 30.0;Verto 33.3;Verto 36.0"
"SE_DS_Fronius_Verto_from_25_0_to_33_3_kW_UA.md","datasheet","inverter","Fronius","Verto 25.0;Verto 33.3"
"SE_APG_Asymmetric_Production_Fronius_Inverters_UKR (2).md","user manual","inverter","Fronius","Symo GEN24;Symo GEN24 Plus;Verto 25.0;Verto 33.3"
"SE_QG_Fronius_Tauro_MULTI.md","quick start guide","inverter","Fronius","Fronius Tauro Eco 50-3-D;Fronius Tauro Eco 100-3-D;Fronius Tauro 50-3-D"
"SE_DS_Fronius_Tauro_P_UA.md","datasheet","inverter","Fronius","Fronius Tauro | 50 кВт | 3 трекери MPP;Fronius Tauro ECO | 50, 99,99 і 100 кВт | 1 трекер MPP"
"SE_DS_Fronius_Tauro_D_UA.md","datasheet","inverter","Fronius","Fronius Tauro;Fronius Tauro ECO"
"Symo Advanced (10-20 kW) Datasheet (UA).md","datasheet","inverter","Fronius","Symo Advanced 10.0;Symo Advanced 12.5;Symo Advanced 15.0;Symo Advanced 20.0"
"Symo (3-20kW) Datasheet (UA).md","datasheet","inverter","Fronius","3.0-3-S;3.7-3-S;4.5-3-S;3.0-3-M;3.7-3-M;4.5-3-M;5.0-3-M;6.0-3-M;7.0-3-M;8.2-3-M;10.0-3-M;12.5-3-M;15.0-3-M;17.5-3-M;20.0-3-M"
"Symo (3-20kW) Datasheet (RU).md","datasheet","inverter","Fronius","3.0-3-S;3.7-3-S;4.5-3-S;3.0-3-M;3.7-3-M;4.5-3-M;5.0-3-M;6.0-3-M;7.0-3-M;8.2-3-M;10.0-3-M;12.5-3-M;15.0-3-M;17.5-3-M;20.0-3-M"
"Symo (3-20kW) Datasheet (EN).md","datasheet","inverter","Fronius","3.0-3-S;3.7-3-S;4.5-3-S;3.0-3-M;3.7-3-M;4.5-3-M;5.0-3-M;6.0-3-M;7.0-3-M;8.2-3-M;10.0-3-M;12.5-3-M;15.0-3-M;17.5-3-M;20.0-3-M"
"Як налаштувати смартмітер.md","user manual","energy meter","Fronius","Smart Meter 3-63A;Smart Meter 63A/1PH;Smart Meter 63A/3PH;Smart Meter 50kA/3PH"
"SE_DS_Fronius_Smart_Meter_EN_397616_snapshot.md","datasheet","monitoring system","Fronius","Fronius Smart Meter;Fronius Symo;Fronius Symo Hybrid;Fronius Galvo;Fronius Primo;Fronius Eco;Fronius Datamanager 2.0"
"Fronius_smart_meter_installationv_1.2_796378_snapshot.md","installation guide","energy meter","Fronius","Fronius Smart Meter 63A-1;Fronius Smart Meter 63A-3"
"fronius-smartmeter-presentation.md","presentation","smart meter","Fronius","Fronius Smart Meter 50kA-3;Fronius Smart Meter 63A-1;Fronius Smart Meter 63A-3"
"Общая инструкция.md","user manual","inverter","Fronius","Fronius Symo 3.0-3-S;Fronius Symo 3.7-3-S;Fronius Symo 4.5-3-S;Fronius Symo 3.0-3-M;Fronius Symo 3.7-3-M;Fronius Symo 4.5-3-M;Fronius Symo 5.0-3-M;Fronius Symo 6.0-3-M;Fronius Symo 7.0-3-M;Fronius Symo 8.2-3-M;Fronius Symo 10.0-3-M;Fronius Symo 12.5-3-M;Fronius Symo 15.0-3-M;Fronius Symo 17.5-3-M;Fronius Symo 20.0-3-M;Fronius Eco 25.0-3-S;Fronius Eco 27.0-3-S"
"Настройка Fronius SmartMeter.md","user manual","monitoring system","Fronius","Fronius Smart Meter 63A/1PH;Fronius Smart Meter 63A/3PH;Fronius Smart Meter 50kA/3PH;Fronius Datamanager 2.0"
"Налаштування мережевих інверторів Fronius (Моніторинг).md","user manual","inverter","Fronius","Galvo;Primo;Symo;Eco"
"Налаштування мережевих інверторів Fronius (З_єднання декількох інверторів) (1).md","installation guide","inverter","Fronius","Fronius Symo 20.0-3 M;Fronius Symo 20.0-3 M Light"
"Налаштування мережевих інверторів Fronius (Інвертор).md","installation guide","inverter","Fronius","Fronius ECO"
"Налаштування Fronius SmartMeter.md","application guide","smart meter","Fronius","Fronius Smart Meter 63A-3;Fronius Smart Meter 63A-1;Fronius Smart Meter 50kA-3;Fronius Smart Meter TS 65A-3;Fronius Smart Meter TS 100A-1;Fronius Smart Meter TS 5kA-3"
"Primo (3-8kW) Datasheet (EN).md","datasheet","inverter","Fronius","Primo 3.0-1;Primo 3.5-1;Primo 3.6-1;Primo 4.0-1;Primo 4.6-1;Primo 5.0-1;Primo 5.0-1 AUS;Primo 6.0-1;Primo 8.2-1"
"Fronius Symo Hybrid (UA).md","technical manual","inverter","Fronius","Fronius Symo Hybrid"
"Eco (25-27kW) Datasheet (EN).md","datasheet","inverter","Fronius","Fronius Eco 25.0;Fronius Eco 27.0"
"Презентация Fronius GEN24 Plus UA + BYD HVS-HVM.md","presentation","inverter","Fronius","GEN24 Plus;Symo GEN24 Plus;BYD HVS;BYD HVM;BYD Battery-Box Premium"
"Перевантаження інверторів Fronius.md","technical manual","inverter","Fronius","Fronius Symo 20;Fronius Symo 3-8.2;Fronius Symo 10-20;Fronius Eco 25-27;Fronius Symo 20.0-3-M;Ja Solar JAM 60S01-305W/PERC"
"Монтажная инструкция.md","installation guide","inverter","Fronius","Fronius Symo 10 - 20 kW;Fronius Eco"
"Комплекти захисту під Fronius.md","installation guide","inverter","Fronius","Fronius SYMO;Fronius ECO25;Fronius ECO27"
"Коди помилок Fronius.md","service manual","inverter","Fronius","MPPT 2;314;325;326;327;316;315;401;406;407;408;412;415"
"Керування навантаженням.md","technical manual","inverter","Fronius","Datamanager 1.0;Datamanager 2.0;Fronius Galvo;Fronius Primo;Fronius Symo;Fronius Eco;Fronius IG;Fronius IG Plus;Fronius CL"
"Warranty_UA_ 012021.md","warranty","inverter","Fronius","Fronius Datamanager;Fronius Smart Meter"
"SE_SOLS_Backup_power_Solution_EN.md","technical manual","inverter","Fronius","GEN24;GEN24 Plus;Symo GEN24 Plus 6.0;Symo GEN24 6.0 12.0 Plus;Symo GEN24 3.0 - 5.0 Plus"
"Технічні дані Dyness B4850-Box.md","technical manual","battery","Dyness","B4850-BOX"
"ISO9001-2015证书 2023 （英文）-1.md","certificate","energy storage battery","DAQIN NEW ENERGY TECHNOLOGY (TAIZHOU) CO., LTD.",NULL
"Dyness DL5.0C datasheet-UA (1).md","datasheet","battery","Dyness","DL5.0C"
"Dyness compatibal list-Final-LV&HV-F-2022V2-Y-Solis LV updated.md","Compatibility battery list","battery","Dyness","GOODWE;Growatt;ATESS;SERMATEC;SOLIS;Sinexcel;Hoymiles;Bluesun;HYPONTECH;Ecactus;Sunways;Sofar;Thinkpower;Megarevo;SAJ"
"DYNESS B4850 datasheet (UA).md","datasheet","battery","Dyness","B4850"
"DYNESS B4850 datasheet (EN).md","datasheet","battery","Dyness","B4850"
"DYNESS A48100 datasheey (UA).md","datasheet","battery","Dyness","A48100"
"DYNESS A48100 datasheet (EN).md","datasheet","battery","Dyness","A48100"
"B4850 User Manual (1).md","user manual","battery","Daqin New Energy Tech (Taizhou) Co., Ltd.","B4850"
"A48100 User Manual (1) (1).md","user manual","battery","Daqin New Energy Tech (Taizhou) Co., Ltd.","A48100"
"Технічний паспорт Deye BOS-G.md","technical manual","battery","Deye","BOS-G"
"Manual BOS-G (2).md","manual","battery","DEYE","BOS-G"
"储能单相-sun-3.6-8k-sg05lp1-eu (1).md","User Manual","inverter","DEYE","SUN-3.6K-SG05LP1-EU;SUN-5K-SG05LP1-EU;SUN-6K-SG05LP1-EU;SUN-7K-SG05LP1-EU;SUN-7.6K-SG05LP1-EU;SUN-8K-SG05LP1-EU"
"SUN-5K-SG03LP1-EU-Deye-Manual_ATMO_UA.md","user manual","inverter","DEYE","SUN-3.6K-SG03LP1-EU;SUN-5K-SG03LP1-EU;SUN-6K-SG03LP1-EU"
"Sun 5-12K.md","user manual","inverter","DEYE","SUN-5K-SG04LP3-EU;SUN-6K-SG04LP3-EU;SUN-8K-SG04LP3-EU;SUN-10K-SG04LP3-EU;SUN-12K-SG04LP3-EU"
"instructions_sun-5-8k-sg01lp1-us-eu_240203_en.md","user manual","inverter","DEYE","SUN-5K-SG01LP1-US;SUN-6K-SG01LP1-US;SUN-7.6K-SG01LP1-US/EU;SUN-8K-SG01LP1-US/EU"
"30240301003144-使用说明书-储能三相-SUN-(14-20)K-SG05LP3-EU-SM2-德业英文-封面彩印-封面封底157g-内页70g铜版纸-142.5x210mm-V1.0.0.md","user manual","inverter","DEYE","SUN-14K-SG05LP3-EU-SM2;SUN-15K-SG05LP3-EU-SM2;SUN-16K-SG05LP3-EU-SM2;SUN-18K-SG05LP3-EU-SM2;SUN-20K-SG05LP3-EU-SM2"
"Технічний паспорт Deye sun-7.6-8k-sg01lp1-eu.md","technical manual","inverter","Deye","SUN-7.6/8K-SG01LP1-EU"
"Технічний паспорт Deye sun-5-25k-sg01hp3-eu.md","technical manual","inverter","Deye","SUN-5/6/8/10/12/15/20/25K-SG01HP3-EU-AM2"
"Технічний паспорт Deye sun-5-12k-sg04lp3.md","technical manual","inverter","Deye","SUN-5/6/8/10/12K-SG04LP3-EU"
"Технічний паспорт Deye sun-3.6-8k-sg05lp1.md","technical manual","inverter","Deye","SUN-3.6/5/6/7/7.6/8K-SG05LP1-EU"
"Технічний паспорт Deye sun-3.6-6k-sg03lp1.md","technical manual","inverter","Deye","SUN-3.6/5/6K-SG03LP1-EU"
"Технічний паспорт Deye sun-29.9-50k-sg01hp3-eu-bm4.md","technical manual","inverter","DEYE","SUN-29.9/30/35K-SG01HP3-EU-BM3;SUN-40/50K-SG01HP3-EU-BM4"
"Технічний паспорт Deye sun-14-20k-sg05lp3-eu-sm2.md","technical manual","inverter","DEYE","SUN-14/15/16/18/20K-SG05LP3-EU-SM2"
"_DEYE_SUN-10K-SG04LP3-EU-5-12 кВт.md","datasheet","inverter","DEYE","SUN-5;SUN-6;SUN-8;SUN-10;SUN-12"
"Pylon Battery-Deye HV System Installation SOP_V1.0.md","installation guide","battery","PylonTech","Deye HV"
"Deye Approved Battery list(DY-LV48-0086) (2).md","Compatibility list","inverter","Ningbo Deye Inverter Technology Co.,Ltd","SUN-3.6/5/6/7.6/8K-SG01LP1-EU;SUN-5/6/7.6/8K-SG01LP1-US;SUN-3.6/5/6K-SG03LP1-EU;SUN-3/3.6/5/6K-SG04LP1-EU;SUN-3.6/5/6/7.6/8K-SG05LP1-EU;SUN-5/6/8/10/12K-SG04LP3-EU;SUN-12/14/16K-SG01LP1-EU;SUN-8K-SG02LP2-US"
"Solis_Leaflet_Battery_matching_RHI-3P(3-10)K-HVES-5G_V2,9_2023_08.md","Compatibility list","inverter","Solis","RHI-3P(3-10)K-HVES-5G"
"Solis_Leaflet_Battery matching_RHI-(3-6)K-48ES-5G_V3,4_2023_09.md","Compatibility list","battery","Solis","RHI-(3-6)K-48ES-5G"
"Luxpower-Compatible-Battery-List-US-20241127.md","specification","Compatibility battery list","Shenzhen Lux Power Technology Co., Ltd",NULL
"Cумісність LUXPOWER.md","specification","Compatibility battery list","LuxPower",NULL
"Victron Battery Compatibility.md","Compatibility list","battery","Victron","AXIstorage 7S;AXIstorage 9S;BattleBorn;Bluenova Energy Storage;BMZ ESS 7.0;BMZ ESS 9.0;BMZ ESS X;BMZ ESS Z;BSLBATT Lithium battery;BYD B-Box;Cegasa eBick;Discover AES;Dyness;Exide;Freedom Won LiTE;Freedom Won eTower;Hubble Lithium;LBSA - Lithium Batteries South Africa;Leoch;MeterBoost;MG Energy Systems;Pylontech;Pytes;Rolls LFP;SimpliPhi Power;SolarMD;Soluna;Sunwoda;Tab;Victron Lithium Batteries;WeCo;ZYC Energy"
"Compatible Battery List of SOFAR Hybrid Inverter-20230823.md","Compatibility list","inverter","Shenzhen SOFARSOLAR Co., Ltd.",NULL
"EU-version-Battery-Compatible-List-20250903.md","Compatibility list","battery","Luxpower",NULL
"MultiPlus 800VA-5kVA Datasheet (EN).pdf","datasheet","inverter","Victron Energy","MultiPlus 800VA-5kVA;24/5000/120"
"MultiPlus 5kVA (24-48)V QISG (EN).pdf","Quick Installation Guide","inverter","Victron Energy","MultiPlus 5000VA 24V;MultiPlus 5000VA 48V"
"MultiPlus 5kVA (12-48)V Product manual (RU).pdf","manual","inverter","Victron Energy","MultiPlus 5kVA (12-48)V"
"MultiPlus 3kVA (12-48)V QISG (EN).pdf","manual","inverter","Victron Energy","MultiPlus 3kVA (12-48)V QISG"
"Multiplus 2kVA-3kVA-120V-US-RU.pdf","technical manual","inverter","Victron Energy","MultiPlus 2kVA;MultiPlus 3kVA;MultiPlus 12/2000/80;MultiPlus 24/3000/70"
"Multiplus (0.8-1.6)kVA QISG (EN).pdf","Quick Installation Guide","inverter","Victron Energy","MultiPlus (0.8-1.6)kVA"
"MultiPlus (0.8-1.6)kVA Product manual (RU).pdf","manual","inverter","victronenergy","MultiPlus Compact"
"Datasheet-MultiPlus-II-inverter-charger-RU (1).pdf","datasheet","inverter","Victron Energy","MultiPlus-II 48/3000/35-32;MultiPlus-II 48/5000/70-50"
"Datasheet-Inverter-RS-Smart-Solar-UA.pdf","datasheet","inverter","Victron Energy","RS Smart Solar 48/6000"
"Технічний паспорт Victron Energy MultiPlus-II inverter-charger.pdf","technical manual","inverter","Victron Energy","MultiPlus-II;12/3000/120-32;24/5000/120-50;48/8000/;48/10000/;48/15000/"
"Технічний паспорт Victron Energy MultiPlus inverter-charger-800VA-5kVA.pdf","technical manual","inverter","Victron Energy","MultiPlus 800VA;MultiPlus 3kVA;MultiPlus 5kVA;24/5000/120"
"Технічний паспорт Victron Energy MultiPlus-II GX inverter charger.pdf","technical manual","inverter","Victron Energy","MultiPlus-II 24/3000/70-32 GX;MultiPlus-II 48/3000/35-32 GX;MultiPlus-II 48/5000/70-50 GX"
"Технічний паспорт Victron Energy MultiPlus 500VA-2000VA.pdf","technical manual","inverter","Victron Energy","MultiPlus 500ВА - 2000ВА"
